{
  "IMDb title_principals.csv": {
    "imdb_title_id": 0.9998951720924815,
    "job": 3.4197270373878756e-06,
    "imdb_name_id": 1.0
  }
}